[
 {
  "pk": 1, 
  "model": "Crm.zonetype", 
  "fields": {
   "type": "department", 
   "name": "D\u00e9partement"
  }
 }, 
 {
  "pk": 2, 
  "model": "Crm.zonetype", 
  "fields": {
   "type": "region", 
   "name": "R\u00e9gion"
  }
 }, 
 {
  "pk": 3, 
  "model": "Crm.zonetype", 
  "fields": {
   "type": "country", 
   "name": "Pays"
  }
 }, 
 {
  "pk": 37, 
  "model": "Crm.zone", 
  "fields": {
   "code": "01", 
   "type": 1, 
   "name": "Ain", 
   "parent": 31
  }
 }, 
 {
  "pk": 116, 
  "model": "Crm.zone", 
  "fields": {
   "code": "02", 
   "type": 1, 
   "name": "Aisne", 
   "parent": 114
  }
 }, 
 {
  "pk": 71, 
  "model": "Crm.zone", 
  "fields": {
   "code": "03", 
   "type": 1, 
   "name": "Allier", 
   "parent": 68
  }
 }, 
 {
  "pk": 125, 
  "model": "Crm.zone", 
  "fields": {
   "code": "06", 
   "type": 1, 
   "name": "Alpes-Maritimes", 
   "parent": 123
  }
 }, 
 {
  "pk": 128, 
  "model": "Crm.zone", 
  "fields": {
   "code": "04", 
   "type": 1, 
   "name": "Alpes-de-Haute-Provence", 
   "parent": 123
  }
 }, 
 {
  "pk": 73, 
  "model": "Crm.zone", 
  "fields": {
   "code": "", 
   "type": 2, 
   "name": "Alsace", 
   "parent": 1
  }
 }, 
 {
  "pk": 62, 
  "model": "Crm.zone", 
  "fields": {
   "code": "", 
   "type": 2, 
   "name": "Aquitaine", 
   "parent": 1
  }
 }, 
 {
  "pk": 119, 
  "model": "Crm.zone", 
  "fields": {
   "code": "08", 
   "type": 1, 
   "name": "Ardennes", 
   "parent": 118
  }
 }, 
 {
  "pk": 36, 
  "model": "Crm.zone", 
  "fields": {
   "code": "07", 
   "type": 1, 
   "name": "Ard\u00e8che", 
   "parent": 31
  }
 }, 
 {
  "pk": 89, 
  "model": "Crm.zone", 
  "fields": {
   "code": "09", 
   "type": 1, 
   "name": "Ari\u00e8ge", 
   "parent": 81
  }
 }, 
 {
  "pk": 120, 
  "model": "Crm.zone", 
  "fields": {
   "code": "10", 
   "type": 1, 
   "name": "Aube", 
   "parent": 118
  }
 }, 
 {
  "pk": 5, 
  "model": "Crm.zone", 
  "fields": {
   "code": "11", 
   "type": 1, 
   "name": "Aude", 
   "parent": 2
  }
 }, 
 {
  "pk": 68, 
  "model": "Crm.zone", 
  "fields": {
   "code": "", 
   "type": 2, 
   "name": "Auvergne", 
   "parent": 1
  }
 }, 
 {
  "pk": 88, 
  "model": "Crm.zone", 
  "fields": {
   "code": "12", 
   "type": 1, 
   "name": "Aveyron", 
   "parent": 81
  }
 }, 
 {
  "pk": 74, 
  "model": "Crm.zone", 
  "fields": {
   "code": "67", 
   "type": 1, 
   "name": "Bas-Rhin", 
   "parent": 73
  }
 }, 
 {
  "pk": 8, 
  "model": "Crm.zone", 
  "fields": {
   "code": "", 
   "type": 2, 
   "name": "Basse-Normandie", 
   "parent": 1
  }
 }, 
 {
  "pk": 127, 
  "model": "Crm.zone", 
  "fields": {
   "code": "13", 
   "type": 1, 
   "name": "Bouches-du-Rh\u00f4ne", 
   "parent": 123
  }
 }, 
 {
  "pk": 57, 
  "model": "Crm.zone", 
  "fields": {
   "code": "", 
   "type": 2, 
   "name": "Bourgogne", 
   "parent": 1
  }
 }, 
 {
  "pk": 52, 
  "model": "Crm.zone", 
  "fields": {
   "code": "", 
   "type": 2, 
   "name": "Bretagne", 
   "parent": 1
  }
 }, 
 {
  "pk": 11, 
  "model": "Crm.zone", 
  "fields": {
   "code": "14", 
   "type": 1, 
   "name": "Calvados", 
   "parent": 8
  }
 }, 
 {
  "pk": 70, 
  "model": "Crm.zone", 
  "fields": {
   "code": "15", 
   "type": 1, 
   "name": "Cantal", 
   "parent": 68
  }
 }, 
 {
  "pk": 45, 
  "model": "Crm.zone", 
  "fields": {
   "code": "", 
   "type": 2, 
   "name": "Centre", 
   "parent": 1
  }
 }, 
 {
  "pk": 118, 
  "model": "Crm.zone", 
  "fields": {
   "code": "", 
   "type": 2, 
   "name": "Champagne-Ardenne", 
   "parent": 1
  }
 }, 
 {
  "pk": 20, 
  "model": "Crm.zone", 
  "fields": {
   "code": "16", 
   "type": 1, 
   "name": "Charente", 
   "parent": 17
  }
 }, 
 {
  "pk": 18, 
  "model": "Crm.zone", 
  "fields": {
   "code": "17", 
   "type": 1, 
   "name": "Charente-Maritime", 
   "parent": 17
  }
 }, 
 {
  "pk": 47, 
  "model": "Crm.zone", 
  "fields": {
   "code": "18", 
   "type": 1, 
   "name": "Cher", 
   "parent": 45
  }
 }, 
 {
  "pk": 107, 
  "model": "Crm.zone", 
  "fields": {
   "code": "19", 
   "type": 1, 
   "name": "Corr\u00e8ze", 
   "parent": 105
  }
 }, 
 {
  "pk": 78, 
  "model": "Crm.zone", 
  "fields": {
   "code": "", 
   "type": 2, 
   "name": "Corse", 
   "parent": 1
  }
 }, 
 {
  "pk": 79, 
  "model": "Crm.zone", 
  "fields": {
   "code": "2A", 
   "type": 1, 
   "name": "Corse-du-Sud", 
   "parent": 78
  }
 }, 
 {
  "pk": 108, 
  "model": "Crm.zone", 
  "fields": {
   "code": "23", 
   "type": 1, 
   "name": "Creuse", 
   "parent": 105
  }
 }, 
 {
  "pk": 58, 
  "model": "Crm.zone", 
  "fields": {
   "code": "21", 
   "type": 1, 
   "name": "C\u00f4te-d'Or", 
   "parent": 57
  }
 }, 
 {
  "pk": 55, 
  "model": "Crm.zone", 
  "fields": {
   "code": "22", 
   "type": 1, 
   "name": "C\u00f4tes-d'Armor", 
   "parent": 52
  }
 }, 
 {
  "pk": 21, 
  "model": "Crm.zone", 
  "fields": {
   "code": "79", 
   "type": 1, 
   "name": "Deux-S\u00e8vres", 
   "parent": 17
  }
 }, 
 {
  "pk": 65, 
  "model": "Crm.zone", 
  "fields": {
   "code": "24", 
   "type": 1, 
   "name": "Dordogne", 
   "parent": 62
  }
 }, 
 {
  "pk": 95, 
  "model": "Crm.zone", 
  "fields": {
   "code": "25", 
   "type": 1, 
   "name": "Doubs", 
   "parent": 92
  }
 }, 
 {
  "pk": 38, 
  "model": "Crm.zone", 
  "fields": {
   "code": "26", 
   "type": 1, 
   "name": "Dr\u00f4me", 
   "parent": 31
  }
 }, 
 {
  "pk": 27, 
  "model": "Crm.zone", 
  "fields": {
   "code": "91", 
   "type": 1, 
   "name": "Essonne", 
   "parent": 22
  }
 }, 
 {
  "pk": 113, 
  "model": "Crm.zone", 
  "fields": {
   "code": "27", 
   "type": 1, 
   "name": "Eure", 
   "parent": 111
  }
 }, 
 {
  "pk": 50, 
  "model": "Crm.zone", 
  "fields": {
   "code": "28", 
   "type": 1, 
   "name": "Eure-et-Loir", 
   "parent": 45
  }
 }, 
 {
  "pk": 56, 
  "model": "Crm.zone", 
  "fields": {
   "code": "29", 
   "type": 1, 
   "name": "Finist\u00e8re", 
   "parent": 52
  }
 }, 
 {
  "pk": 1, 
  "model": "Crm.zone", 
  "fields": {
   "code": "", 
   "type": 3, 
   "name": "France", 
   "parent": null
  }
 }, 
 {
  "pk": 92, 
  "model": "Crm.zone", 
  "fields": {
   "code": "", 
   "type": 2, 
   "name": "Franche-Comt\u00e9", 
   "parent": 1
  }
 }, 
 {
  "pk": 4, 
  "model": "Crm.zone", 
  "fields": {
   "code": "30", 
   "type": 1, 
   "name": "Gard", 
   "parent": 2
  }
 }, 
 {
  "pk": 86, 
  "model": "Crm.zone", 
  "fields": {
   "code": "32", 
   "type": 1, 
   "name": "Gers", 
   "parent": 81
  }
 }, 
 {
  "pk": 67, 
  "model": "Crm.zone", 
  "fields": {
   "code": "33", 
   "type": 1, 
   "name": "Gironde", 
   "parent": 62
  }
 }, 
 {
  "pk": 109, 
  "model": "Crm.zone", 
  "fields": {
   "code": "", 
   "type": 2, 
   "name": "Guadeloupe", 
   "parent": 1
  }
 }, 
 {
  "pk": 110, 
  "model": "Crm.zone", 
  "fields": {
   "code": "971", 
   "type": 1, 
   "name": "Guadeloupe", 
   "parent": 109
  }
 }, 
 {
  "pk": 97, 
  "model": "Crm.zone", 
  "fields": {
   "code": "", 
   "type": 2, 
   "name": "Guyane", 
   "parent": 1
  }
 }, 
 {
  "pk": 98, 
  "model": "Crm.zone", 
  "fields": {
   "code": "973", 
   "type": 1, 
   "name": "Guyane", 
   "parent": 97
  }
 }, 
 {
  "pk": 75, 
  "model": "Crm.zone", 
  "fields": {
   "code": "68", 
   "type": 1, 
   "name": "Haut-Rhin", 
   "parent": 73
  }
 }, 
 {
  "pk": 80, 
  "model": "Crm.zone", 
  "fields": {
   "code": "2B", 
   "type": 1, 
   "name": "Haute-Corse", 
   "parent": 78
  }
 }, 
 {
  "pk": 85, 
  "model": "Crm.zone", 
  "fields": {
   "code": "31", 
   "type": 1, 
   "name": "Haute-Garonne", 
   "parent": 81
  }
 }, 
 {
  "pk": 69, 
  "model": "Crm.zone", 
  "fields": {
   "code": "43", 
   "type": 1, 
   "name": "Haute-Loire", 
   "parent": 68
  }
 }, 
 {
  "pk": 122, 
  "model": "Crm.zone", 
  "fields": {
   "code": "52", 
   "type": 1, 
   "name": "Haute-Marne", 
   "parent": 118
  }
 }, 
 {
  "pk": 111, 
  "model": "Crm.zone", 
  "fields": {
   "code": "", 
   "type": 2, 
   "name": "Haute-Normandie", 
   "parent": 1
  }
 }, 
 {
  "pk": 34, 
  "model": "Crm.zone", 
  "fields": {
   "code": "74", 
   "type": 1, 
   "name": "Haute-Savoie", 
   "parent": 31
  }
 }, 
 {
  "pk": 93, 
  "model": "Crm.zone", 
  "fields": {
   "code": "70", 
   "type": 1, 
   "name": "Haute-Sa\u00f4ne", 
   "parent": 92
  }
 }, 
 {
  "pk": 106, 
  "model": "Crm.zone", 
  "fields": {
   "code": "87", 
   "type": 1, 
   "name": "Haute-Vienne", 
   "parent": 105
  }
 }, 
 {
  "pk": 124, 
  "model": "Crm.zone", 
  "fields": {
   "code": "05", 
   "type": 1, 
   "name": "Hautes-Alpes", 
   "parent": 123
  }
 }, 
 {
  "pk": 84, 
  "model": "Crm.zone", 
  "fields": {
   "code": "65", 
   "type": 1, 
   "name": "Hautes-Pyr\u00e9n\u00e9es", 
   "parent": 81
  }
 }, 
 {
  "pk": 29, 
  "model": "Crm.zone", 
  "fields": {
   "code": "92", 
   "type": 1, 
   "name": "Hauts-de-Seine", 
   "parent": 22
  }
 }, 
 {
  "pk": 6, 
  "model": "Crm.zone", 
  "fields": {
   "code": "34", 
   "type": 1, 
   "name": "H\u00e9rault", 
   "parent": 2
  }
 }, 
 {
  "pk": 53, 
  "model": "Crm.zone", 
  "fields": {
   "code": "35", 
   "type": 1, 
   "name": "Ille-et-Vilaine", 
   "parent": 52
  }
 }, 
 {
  "pk": 49, 
  "model": "Crm.zone", 
  "fields": {
   "code": "36", 
   "type": 1, 
   "name": "Indre", 
   "parent": 45
  }
 }, 
 {
  "pk": 51, 
  "model": "Crm.zone", 
  "fields": {
   "code": "37", 
   "type": 1, 
   "name": "Indre-et-Loire", 
   "parent": 45
  }
 }, 
 {
  "pk": 33, 
  "model": "Crm.zone", 
  "fields": {
   "code": "38", 
   "type": 1, 
   "name": "Is\u00e8re", 
   "parent": 31
  }
 }, 
 {
  "pk": 94, 
  "model": "Crm.zone", 
  "fields": {
   "code": "39", 
   "type": 1, 
   "name": "Jura", 
   "parent": 92
  }
 }, 
 {
  "pk": 43, 
  "model": "Crm.zone", 
  "fields": {
   "code": "", 
   "type": 2, 
   "name": "La R\u00e9union", 
   "parent": 1
  }
 }, 
 {
  "pk": 44, 
  "model": "Crm.zone", 
  "fields": {
   "code": "974", 
   "type": 1, 
   "name": "La R\u00e9union", 
   "parent": 43
  }
 }, 
 {
  "pk": 66, 
  "model": "Crm.zone", 
  "fields": {
   "code": "40", 
   "type": 1, 
   "name": "Landes", 
   "parent": 62
  }
 }, 
 {
  "pk": 2, 
  "model": "Crm.zone", 
  "fields": {
   "code": "", 
   "type": 2, 
   "name": "Languedoc-Roussillon", 
   "parent": 1
  }
 }, 
 {
  "pk": 105, 
  "model": "Crm.zone", 
  "fields": {
   "code": "", 
   "type": 2, 
   "name": "Limousin", 
   "parent": 1
  }
 }, 
 {
  "pk": 48, 
  "model": "Crm.zone", 
  "fields": {
   "code": "41", 
   "type": 1, 
   "name": "Loir-et-Cher", 
   "parent": 45
  }
 }, 
 {
  "pk": 39, 
  "model": "Crm.zone", 
  "fields": {
   "code": "42", 
   "type": 1, 
   "name": "Loire", 
   "parent": 31
  }
 }, 
 {
  "pk": 103, 
  "model": "Crm.zone", 
  "fields": {
   "code": "44", 
   "type": 1, 
   "name": "Loire-Atlantique", 
   "parent": 99
  }
 }, 
 {
  "pk": 46, 
  "model": "Crm.zone", 
  "fields": {
   "code": "45", 
   "type": 1, 
   "name": "Loiret", 
   "parent": 45
  }
 }, 
 {
  "pk": 12, 
  "model": "Crm.zone", 
  "fields": {
   "code": "", 
   "type": 2, 
   "name": "Lorraine", 
   "parent": 1
  }
 }, 
 {
  "pk": 87, 
  "model": "Crm.zone", 
  "fields": {
   "code": "46", 
   "type": 1, 
   "name": "Lot", 
   "parent": 81
  }
 }, 
 {
  "pk": 64, 
  "model": "Crm.zone", 
  "fields": {
   "code": "47", 
   "type": 1, 
   "name": "Lot-et-Garonne", 
   "parent": 62
  }
 }, 
 {
  "pk": 3, 
  "model": "Crm.zone", 
  "fields": {
   "code": "48", 
   "type": 1, 
   "name": "Loz\u00e8re", 
   "parent": 2
  }
 }, 
 {
  "pk": 100, 
  "model": "Crm.zone", 
  "fields": {
   "code": "49", 
   "type": 1, 
   "name": "Maine-et-Loire", 
   "parent": 99
  }
 }, 
 {
  "pk": 10, 
  "model": "Crm.zone", 
  "fields": {
   "code": "50", 
   "type": 1, 
   "name": "Manche", 
   "parent": 8
  }
 }, 
 {
  "pk": 121, 
  "model": "Crm.zone", 
  "fields": {
   "code": "51", 
   "type": 1, 
   "name": "Marne", 
   "parent": 118
  }
 }, 
 {
  "pk": 76, 
  "model": "Crm.zone", 
  "fields": {
   "code": "", 
   "type": 2, 
   "name": "Martinique", 
   "parent": 1
  }
 }, 
 {
  "pk": 77, 
  "model": "Crm.zone", 
  "fields": {
   "code": "972", 
   "type": 1, 
   "name": "Martinique", 
   "parent": 76
  }
 }, 
 {
  "pk": 102, 
  "model": "Crm.zone", 
  "fields": {
   "code": "53", 
   "type": 1, 
   "name": "Mayenne", 
   "parent": 99
  }
 }, 
 {
  "pk": 90, 
  "model": "Crm.zone", 
  "fields": {
   "code": "", 
   "type": 2, 
   "name": "Mayotte", 
   "parent": 1
  }
 }, 
 {
  "pk": 91, 
  "model": "Crm.zone", 
  "fields": {
   "code": "976", 
   "type": 1, 
   "name": "Mayotte", 
   "parent": 90
  }
 }, 
 {
  "pk": 16, 
  "model": "Crm.zone", 
  "fields": {
   "code": "54", 
   "type": 1, 
   "name": "Meurthe-et-Moselle", 
   "parent": 12
  }
 }, 
 {
  "pk": 15, 
  "model": "Crm.zone", 
  "fields": {
   "code": "55", 
   "type": 1, 
   "name": "Meuse", 
   "parent": 12
  }
 }, 
 {
  "pk": 81, 
  "model": "Crm.zone", 
  "fields": {
   "code": "", 
   "type": 2, 
   "name": "Midi-Pyr\u00e9n\u00e9es", 
   "parent": 1
  }
 }, 
 {
  "pk": 54, 
  "model": "Crm.zone", 
  "fields": {
   "code": "56", 
   "type": 1, 
   "name": "Morbihan", 
   "parent": 52
  }
 }, 
 {
  "pk": 14, 
  "model": "Crm.zone", 
  "fields": {
   "code": "57", 
   "type": 1, 
   "name": "Moselle", 
   "parent": 12
  }
 }, 
 {
  "pk": 60, 
  "model": "Crm.zone", 
  "fields": {
   "code": "58", 
   "type": 1, 
   "name": "Ni\u00e8vre", 
   "parent": 57
  }
 }, 
 {
  "pk": 42, 
  "model": "Crm.zone", 
  "fields": {
   "code": "59", 
   "type": 1, 
   "name": "Nord", 
   "parent": 40
  }
 }, 
 {
  "pk": 40, 
  "model": "Crm.zone", 
  "fields": {
   "code": "", 
   "type": 2, 
   "name": "Nord-Pas-de-Calais", 
   "parent": 1
  }
 }, 
 {
  "pk": 117, 
  "model": "Crm.zone", 
  "fields": {
   "code": "60", 
   "type": 1, 
   "name": "Oise", 
   "parent": 114
  }
 }, 
 {
  "pk": 9, 
  "model": "Crm.zone", 
  "fields": {
   "code": "61", 
   "type": 1, 
   "name": "Orne", 
   "parent": 8
  }
 }, 
 {
  "pk": 25, 
  "model": "Crm.zone", 
  "fields": {
   "code": "75", 
   "type": 1, 
   "name": "Paris", 
   "parent": 22
  }
 }, 
 {
  "pk": 41, 
  "model": "Crm.zone", 
  "fields": {
   "code": "62", 
   "type": 1, 
   "name": "Pas-de-Calais", 
   "parent": 40
  }
 }, 
 {
  "pk": 99, 
  "model": "Crm.zone", 
  "fields": {
   "code": "", 
   "type": 2, 
   "name": "Pays de la Loire", 
   "parent": 1
  }
 }, 
 {
  "pk": 114, 
  "model": "Crm.zone", 
  "fields": {
   "code": "", 
   "type": 2, 
   "name": "Picardie", 
   "parent": 1
  }
 }, 
 {
  "pk": 17, 
  "model": "Crm.zone", 
  "fields": {
   "code": "", 
   "type": 2, 
   "name": "Poitou-Charentes", 
   "parent": 1
  }
 }, 
 {
  "pk": 123, 
  "model": "Crm.zone", 
  "fields": {
   "code": "", 
   "type": 2, 
   "name": "Provence-Alpes-C\u00f4te d'Azur", 
   "parent": 1
  }
 }, 
 {
  "pk": 72, 
  "model": "Crm.zone", 
  "fields": {
   "code": "63", 
   "type": 1, 
   "name": "Puy-de-D\u00f4me", 
   "parent": 68
  }
 }, 
 {
  "pk": 63, 
  "model": "Crm.zone", 
  "fields": {
   "code": "64", 
   "type": 1, 
   "name": "Pyr\u00e9n\u00e9es-Atlantiques", 
   "parent": 62
  }
 }, 
 {
  "pk": 7, 
  "model": "Crm.zone", 
  "fields": {
   "code": "66", 
   "type": 1, 
   "name": "Pyr\u00e9n\u00e9es-Orientales", 
   "parent": 2
  }
 }, 
 {
  "pk": 35, 
  "model": "Crm.zone", 
  "fields": {
   "code": "69", 
   "type": 1, 
   "name": "Rh\u00f4ne", 
   "parent": 31
  }
 }, 
 {
  "pk": 31, 
  "model": "Crm.zone", 
  "fields": {
   "code": "", 
   "type": 2, 
   "name": "Rh\u00f4ne-Alpes", 
   "parent": 1
  }
 }, 
 {
  "pk": 101, 
  "model": "Crm.zone", 
  "fields": {
   "code": "72", 
   "type": 1, 
   "name": "Sarthe", 
   "parent": 99
  }
 }, 
 {
  "pk": 32, 
  "model": "Crm.zone", 
  "fields": {
   "code": "73", 
   "type": 1, 
   "name": "Savoie", 
   "parent": 31
  }
 }, 
 {
  "pk": 61, 
  "model": "Crm.zone", 
  "fields": {
   "code": "71", 
   "type": 1, 
   "name": "Sa\u00f4ne-et-Loire", 
   "parent": 57
  }
 }, 
 {
  "pk": 112, 
  "model": "Crm.zone", 
  "fields": {
   "code": "76", 
   "type": 1, 
   "name": "Seine-Maritime", 
   "parent": 111
  }
 }, 
 {
  "pk": 23, 
  "model": "Crm.zone", 
  "fields": {
   "code": "93", 
   "type": 1, 
   "name": "Seine-Saint-Denis", 
   "parent": 22
  }
 }, 
 {
  "pk": 26, 
  "model": "Crm.zone", 
  "fields": {
   "code": "77", 
   "type": 1, 
   "name": "Seine-et-Marne", 
   "parent": 22
  }
 }, 
 {
  "pk": 115, 
  "model": "Crm.zone", 
  "fields": {
   "code": "80", 
   "type": 1, 
   "name": "Somme", 
   "parent": 114
  }
 }, 
 {
  "pk": 82, 
  "model": "Crm.zone", 
  "fields": {
   "code": "81", 
   "type": 1, 
   "name": "Tarn", 
   "parent": 81
  }
 }, 
 {
  "pk": 83, 
  "model": "Crm.zone", 
  "fields": {
   "code": "82", 
   "type": 1, 
   "name": "Tarn-et-Garonne", 
   "parent": 81
  }
 }, 
 {
  "pk": 96, 
  "model": "Crm.zone", 
  "fields": {
   "code": "90", 
   "type": 1, 
   "name": "Territoire de Belfort", 
   "parent": 92
  }
 }, 
 {
  "pk": 28, 
  "model": "Crm.zone", 
  "fields": {
   "code": "95", 
   "type": 1, 
   "name": "Val-d'Oise", 
   "parent": 22
  }
 }, 
 {
  "pk": 30, 
  "model": "Crm.zone", 
  "fields": {
   "code": "94", 
   "type": 1, 
   "name": "Val-de-Marne", 
   "parent": 22
  }
 }, 
 {
  "pk": 129, 
  "model": "Crm.zone", 
  "fields": {
   "code": "83", 
   "type": 1, 
   "name": "Var", 
   "parent": 123
  }
 }, 
 {
  "pk": 126, 
  "model": "Crm.zone", 
  "fields": {
   "code": "84", 
   "type": 1, 
   "name": "Vaucluse", 
   "parent": 123
  }
 }, 
 {
  "pk": 104, 
  "model": "Crm.zone", 
  "fields": {
   "code": "85", 
   "type": 1, 
   "name": "Vend\u00e9e", 
   "parent": 99
  }
 }, 
 {
  "pk": 19, 
  "model": "Crm.zone", 
  "fields": {
   "code": "86", 
   "type": 1, 
   "name": "Vienne", 
   "parent": 17
  }
 }, 
 {
  "pk": 13, 
  "model": "Crm.zone", 
  "fields": {
   "code": "88", 
   "type": 1, 
   "name": "Vosges", 
   "parent": 12
  }
 }, 
 {
  "pk": 59, 
  "model": "Crm.zone", 
  "fields": {
   "code": "89", 
   "type": 1, 
   "name": "Yonne", 
   "parent": 57
  }
 }, 
 {
  "pk": 24, 
  "model": "Crm.zone", 
  "fields": {
   "code": "78", 
   "type": 1, 
   "name": "Yvelines", 
   "parent": 22
  }
 }, 
 {
  "pk": 22, 
  "model": "Crm.zone", 
  "fields": {
   "code": "", 
   "type": 2, 
   "name": "\u00cele-de-France", 
   "parent": 1
  }
 }, 
 {
  "pk": 1, 
  "model": "Crm.city", 
  "fields": {
   "name": "Mende", 
   "parent": 3
  }
 }, 
 {
  "pk": 2, 
  "model": "Crm.city", 
  "fields": {
   "name": "Florac", 
   "parent": 3
  }
 }, 
 {
  "pk": 3, 
  "model": "Crm.city", 
  "fields": {
   "name": "N\u00eemes", 
   "parent": 4
  }
 }, 
 {
  "pk": 4, 
  "model": "Crm.city", 
  "fields": {
   "name": "Al\u00e8s", 
   "parent": 4
  }
 }, 
 {
  "pk": 5, 
  "model": "Crm.city", 
  "fields": {
   "name": "Le Vigan", 
   "parent": 4
  }
 }, 
 {
  "pk": 6, 
  "model": "Crm.city", 
  "fields": {
   "name": "Carcassonne", 
   "parent": 5
  }
 }, 
 {
  "pk": 7, 
  "model": "Crm.city", 
  "fields": {
   "name": "Limoux", 
   "parent": 5
  }
 }, 
 {
  "pk": 8, 
  "model": "Crm.city", 
  "fields": {
   "name": "Narbonne", 
   "parent": 5
  }
 }, 
 {
  "pk": 9, 
  "model": "Crm.city", 
  "fields": {
   "name": "Montpellier", 
   "parent": 6
  }
 }, 
 {
  "pk": 10, 
  "model": "Crm.city", 
  "fields": {
   "name": "B\u00e9ziers", 
   "parent": 6
  }
 }, 
 {
  "pk": 11, 
  "model": "Crm.city", 
  "fields": {
   "name": "Lod\u00e8ve", 
   "parent": 6
  }
 }, 
 {
  "pk": 12, 
  "model": "Crm.city", 
  "fields": {
   "name": "Perpignan", 
   "parent": 7
  }
 }, 
 {
  "pk": 13, 
  "model": "Crm.city", 
  "fields": {
   "name": "C\u00e9ret", 
   "parent": 7
  }
 }, 
 {
  "pk": 14, 
  "model": "Crm.city", 
  "fields": {
   "name": "Prades", 
   "parent": 7
  }
 }, 
 {
  "pk": 15, 
  "model": "Crm.city", 
  "fields": {
   "name": "Alen\u00e7on", 
   "parent": 9
  }
 }, 
 {
  "pk": 16, 
  "model": "Crm.city", 
  "fields": {
   "name": "Argentan", 
   "parent": 9
  }
 }, 
 {
  "pk": 17, 
  "model": "Crm.city", 
  "fields": {
   "name": "Mortagne-au-Perche", 
   "parent": 9
  }
 }, 
 {
  "pk": 18, 
  "model": "Crm.city", 
  "fields": {
   "name": "Saint-L\u00f4", 
   "parent": 10
  }
 }, 
 {
  "pk": 19, 
  "model": "Crm.city", 
  "fields": {
   "name": "Avranches", 
   "parent": 10
  }
 }, 
 {
  "pk": 20, 
  "model": "Crm.city", 
  "fields": {
   "name": "Cherbourg", 
   "parent": 10
  }
 }, 
 {
  "pk": 21, 
  "model": "Crm.city", 
  "fields": {
   "name": "Coutances", 
   "parent": 10
  }
 }, 
 {
  "pk": 22, 
  "model": "Crm.city", 
  "fields": {
   "name": "Caen", 
   "parent": 11
  }
 }, 
 {
  "pk": 23, 
  "model": "Crm.city", 
  "fields": {
   "name": "Bayeux", 
   "parent": 11
  }
 }, 
 {
  "pk": 24, 
  "model": "Crm.city", 
  "fields": {
   "name": "Lisieux", 
   "parent": 11
  }
 }, 
 {
  "pk": 25, 
  "model": "Crm.city", 
  "fields": {
   "name": "Vire", 
   "parent": 11
  }
 }, 
 {
  "pk": 26, 
  "model": "Crm.city", 
  "fields": {
   "name": "Epinal", 
   "parent": 13
  }
 }, 
 {
  "pk": 27, 
  "model": "Crm.city", 
  "fields": {
   "name": "Neufch\u00e2teau", 
   "parent": 13
  }
 }, 
 {
  "pk": 28, 
  "model": "Crm.city", 
  "fields": {
   "name": "Saint-Di\u00e9-des-Vosges", 
   "parent": 13
  }
 }, 
 {
  "pk": 29, 
  "model": "Crm.city", 
  "fields": {
   "name": "Metz", 
   "parent": 14
  }
 }, 
 {
  "pk": 30, 
  "model": "Crm.city", 
  "fields": {
   "name": "Boulay-Moselle", 
   "parent": 14
  }
 }, 
 {
  "pk": 31, 
  "model": "Crm.city", 
  "fields": {
   "name": "Ch\u00e2teau-Salins", 
   "parent": 14
  }
 }, 
 {
  "pk": 32, 
  "model": "Crm.city", 
  "fields": {
   "name": "Forbach", 
   "parent": 14
  }
 }, 
 {
  "pk": 33, 
  "model": "Crm.city", 
  "fields": {
   "name": "Sarrebourg", 
   "parent": 14
  }
 }, 
 {
  "pk": 34, 
  "model": "Crm.city", 
  "fields": {
   "name": "Sarreguemines", 
   "parent": 14
  }
 }, 
 {
  "pk": 35, 
  "model": "Crm.city", 
  "fields": {
   "name": "Thionville", 
   "parent": 14
  }
 }, 
 {
  "pk": 36, 
  "model": "Crm.city", 
  "fields": {
   "name": "Bar-le-Duc", 
   "parent": 15
  }
 }, 
 {
  "pk": 37, 
  "model": "Crm.city", 
  "fields": {
   "name": "Commercy", 
   "parent": 15
  }
 }, 
 {
  "pk": 38, 
  "model": "Crm.city", 
  "fields": {
   "name": "Verdun", 
   "parent": 15
  }
 }, 
 {
  "pk": 39, 
  "model": "Crm.city", 
  "fields": {
   "name": "Nancy", 
   "parent": 16
  }
 }, 
 {
  "pk": 40, 
  "model": "Crm.city", 
  "fields": {
   "name": "Briey", 
   "parent": 16
  }
 }, 
 {
  "pk": 41, 
  "model": "Crm.city", 
  "fields": {
   "name": "Lun\u00e9ville", 
   "parent": 16
  }
 }, 
 {
  "pk": 42, 
  "model": "Crm.city", 
  "fields": {
   "name": "Toul", 
   "parent": 16
  }
 }, 
 {
  "pk": 43, 
  "model": "Crm.city", 
  "fields": {
   "name": "La Rochelle", 
   "parent": 18
  }
 }, 
 {
  "pk": 44, 
  "model": "Crm.city", 
  "fields": {
   "name": "Jonzac", 
   "parent": 18
  }
 }, 
 {
  "pk": 45, 
  "model": "Crm.city", 
  "fields": {
   "name": "Rochefort", 
   "parent": 18
  }
 }, 
 {
  "pk": 46, 
  "model": "Crm.city", 
  "fields": {
   "name": "Saint-Jean-d'Angely", 
   "parent": 18
  }
 }, 
 {
  "pk": 47, 
  "model": "Crm.city", 
  "fields": {
   "name": "Saintes", 
   "parent": 18
  }
 }, 
 {
  "pk": 48, 
  "model": "Crm.city", 
  "fields": {
   "name": "Poitiers", 
   "parent": 19
  }
 }, 
 {
  "pk": 49, 
  "model": "Crm.city", 
  "fields": {
   "name": "Ch\u00e2tellerault", 
   "parent": 19
  }
 }, 
 {
  "pk": 50, 
  "model": "Crm.city", 
  "fields": {
   "name": "Montmorillon", 
   "parent": 19
  }
 }, 
 {
  "pk": 51, 
  "model": "Crm.city", 
  "fields": {
   "name": "Angoul\u00eame", 
   "parent": 20
  }
 }, 
 {
  "pk": 52, 
  "model": "Crm.city", 
  "fields": {
   "name": "Cognac", 
   "parent": 20
  }
 }, 
 {
  "pk": 53, 
  "model": "Crm.city", 
  "fields": {
   "name": "Confolens", 
   "parent": 20
  }
 }, 
 {
  "pk": 54, 
  "model": "Crm.city", 
  "fields": {
   "name": "Niort", 
   "parent": 21
  }
 }, 
 {
  "pk": 55, 
  "model": "Crm.city", 
  "fields": {
   "name": "Bressuire", 
   "parent": 21
  }
 }, 
 {
  "pk": 56, 
  "model": "Crm.city", 
  "fields": {
   "name": "Parthenay", 
   "parent": 21
  }
 }, 
 {
  "pk": 57, 
  "model": "Crm.city", 
  "fields": {
   "name": "Bobigny", 
   "parent": 23
  }
 }, 
 {
  "pk": 58, 
  "model": "Crm.city", 
  "fields": {
   "name": "Le Raincy", 
   "parent": 23
  }
 }, 
 {
  "pk": 59, 
  "model": "Crm.city", 
  "fields": {
   "name": "Saint-Denis", 
   "parent": 23
  }
 }, 
 {
  "pk": 60, 
  "model": "Crm.city", 
  "fields": {
   "name": "Versailles", 
   "parent": 24
  }
 }, 
 {
  "pk": 61, 
  "model": "Crm.city", 
  "fields": {
   "name": "Mantes-la-Jolie", 
   "parent": 24
  }
 }, 
 {
  "pk": 62, 
  "model": "Crm.city", 
  "fields": {
   "name": "Rambouillet", 
   "parent": 24
  }
 }, 
 {
  "pk": 63, 
  "model": "Crm.city", 
  "fields": {
   "name": "Saint-Germain-en-Laye", 
   "parent": 24
  }
 }, 
 {
  "pk": 64, 
  "model": "Crm.city", 
  "fields": {
   "name": "Paris", 
   "parent": 25
  }
 }, 
 {
  "pk": 65, 
  "model": "Crm.city", 
  "fields": {
   "name": "Melun", 
   "parent": 26
  }
 }, 
 {
  "pk": 66, 
  "model": "Crm.city", 
  "fields": {
   "name": "Fontainebleau", 
   "parent": 26
  }
 }, 
 {
  "pk": 67, 
  "model": "Crm.city", 
  "fields": {
   "name": "Meaux", 
   "parent": 26
  }
 }, 
 {
  "pk": 68, 
  "model": "Crm.city", 
  "fields": {
   "name": "Provins", 
   "parent": 26
  }
 }, 
 {
  "pk": 69, 
  "model": "Crm.city", 
  "fields": {
   "name": "Torcy", 
   "parent": 26
  }
 }, 
 {
  "pk": 70, 
  "model": "Crm.city", 
  "fields": {
   "name": "Evry", 
   "parent": 27
  }
 }, 
 {
  "pk": 71, 
  "model": "Crm.city", 
  "fields": {
   "name": "Etampes", 
   "parent": 27
  }
 }, 
 {
  "pk": 72, 
  "model": "Crm.city", 
  "fields": {
   "name": "Palaiseau", 
   "parent": 27
  }
 }, 
 {
  "pk": 73, 
  "model": "Crm.city", 
  "fields": {
   "name": "Cergy", 
   "parent": 28
  }
 }, 
 {
  "pk": 74, 
  "model": "Crm.city", 
  "fields": {
   "name": "Argenteuil", 
   "parent": 28
  }
 }, 
 {
  "pk": 75, 
  "model": "Crm.city", 
  "fields": {
   "name": "Sarcelles", 
   "parent": 28
  }
 }, 
 {
  "pk": 76, 
  "model": "Crm.city", 
  "fields": {
   "name": "Pontoise", 
   "parent": 28
  }
 }, 
 {
  "pk": 77, 
  "model": "Crm.city", 
  "fields": {
   "name": "Nanterre", 
   "parent": 29
  }
 }, 
 {
  "pk": 78, 
  "model": "Crm.city", 
  "fields": {
   "name": "Antony", 
   "parent": 29
  }
 }, 
 {
  "pk": 79, 
  "model": "Crm.city", 
  "fields": {
   "name": "Boulogne-Billancourt", 
   "parent": 29
  }
 }, 
 {
  "pk": 80, 
  "model": "Crm.city", 
  "fields": {
   "name": "Cr\u00e9teil", 
   "parent": 30
  }
 }, 
 {
  "pk": 81, 
  "model": "Crm.city", 
  "fields": {
   "name": "L'Ha\u00ff-les-Roses", 
   "parent": 30
  }
 }, 
 {
  "pk": 82, 
  "model": "Crm.city", 
  "fields": {
   "name": "Nogent-sur-Marne", 
   "parent": 30
  }
 }, 
 {
  "pk": 83, 
  "model": "Crm.city", 
  "fields": {
   "name": "Chamb\u00e9ry", 
   "parent": 32
  }
 }, 
 {
  "pk": 84, 
  "model": "Crm.city", 
  "fields": {
   "name": "Albertville", 
   "parent": 32
  }
 }, 
 {
  "pk": 85, 
  "model": "Crm.city", 
  "fields": {
   "name": "Saint-Jean-de-Maurienne", 
   "parent": 32
  }
 }, 
 {
  "pk": 86, 
  "model": "Crm.city", 
  "fields": {
   "name": "Grenoble", 
   "parent": 33
  }
 }, 
 {
  "pk": 87, 
  "model": "Crm.city", 
  "fields": {
   "name": "La Tour-du-Pin", 
   "parent": 33
  }
 }, 
 {
  "pk": 88, 
  "model": "Crm.city", 
  "fields": {
   "name": "Vienne", 
   "parent": 33
  }
 }, 
 {
  "pk": 89, 
  "model": "Crm.city", 
  "fields": {
   "name": "Annecy", 
   "parent": 34
  }
 }, 
 {
  "pk": 90, 
  "model": "Crm.city", 
  "fields": {
   "name": "Bonneville", 
   "parent": 34
  }
 }, 
 {
  "pk": 91, 
  "model": "Crm.city", 
  "fields": {
   "name": "Saint-Julien-en-Genevois", 
   "parent": 34
  }
 }, 
 {
  "pk": 92, 
  "model": "Crm.city", 
  "fields": {
   "name": "Thonon-les-Bains", 
   "parent": 34
  }
 }, 
 {
  "pk": 93, 
  "model": "Crm.city", 
  "fields": {
   "name": "Lyon", 
   "parent": 35
  }
 }, 
 {
  "pk": 94, 
  "model": "Crm.city", 
  "fields": {
   "name": "Villefranche-sur-Sa\u00f4ne", 
   "parent": 35
  }
 }, 
 {
  "pk": 95, 
  "model": "Crm.city", 
  "fields": {
   "name": "Privas", 
   "parent": 36
  }
 }, 
 {
  "pk": 96, 
  "model": "Crm.city", 
  "fields": {
   "name": "Largenti\u00e8re", 
   "parent": 36
  }
 }, 
 {
  "pk": 97, 
  "model": "Crm.city", 
  "fields": {
   "name": "Tournon-sur-Rh\u00f4ne", 
   "parent": 36
  }
 }, 
 {
  "pk": 98, 
  "model": "Crm.city", 
  "fields": {
   "name": "Bourg-en-Bresse", 
   "parent": 37
  }
 }, 
 {
  "pk": 99, 
  "model": "Crm.city", 
  "fields": {
   "name": "Belley", 
   "parent": 37
  }
 }, 
 {
  "pk": 100, 
  "model": "Crm.city", 
  "fields": {
   "name": "Gex", 
   "parent": 37
  }
 }, 
 {
  "pk": 101, 
  "model": "Crm.city", 
  "fields": {
   "name": "Nantua", 
   "parent": 37
  }
 }, 
 {
  "pk": 102, 
  "model": "Crm.city", 
  "fields": {
   "name": "Valence", 
   "parent": 38
  }
 }, 
 {
  "pk": 103, 
  "model": "Crm.city", 
  "fields": {
   "name": "Die", 
   "parent": 38
  }
 }, 
 {
  "pk": 104, 
  "model": "Crm.city", 
  "fields": {
   "name": "Nyons", 
   "parent": 38
  }
 }, 
 {
  "pk": 105, 
  "model": "Crm.city", 
  "fields": {
   "name": "Saint-Etienne", 
   "parent": 39
  }
 }, 
 {
  "pk": 106, 
  "model": "Crm.city", 
  "fields": {
   "name": "Montbrison", 
   "parent": 39
  }
 }, 
 {
  "pk": 107, 
  "model": "Crm.city", 
  "fields": {
   "name": "Roanne", 
   "parent": 39
  }
 }, 
 {
  "pk": 108, 
  "model": "Crm.city", 
  "fields": {
   "name": "Arras", 
   "parent": 41
  }
 }, 
 {
  "pk": 109, 
  "model": "Crm.city", 
  "fields": {
   "name": "B\u00e9thune", 
   "parent": 41
  }
 }, 
 {
  "pk": 110, 
  "model": "Crm.city", 
  "fields": {
   "name": "Boulogne-sur-Mer", 
   "parent": 41
  }
 }, 
 {
  "pk": 111, 
  "model": "Crm.city", 
  "fields": {
   "name": "Calais", 
   "parent": 41
  }
 }, 
 {
  "pk": 112, 
  "model": "Crm.city", 
  "fields": {
   "name": "Lens", 
   "parent": 41
  }
 }, 
 {
  "pk": 113, 
  "model": "Crm.city", 
  "fields": {
   "name": "Montreuil", 
   "parent": 41
  }
 }, 
 {
  "pk": 114, 
  "model": "Crm.city", 
  "fields": {
   "name": "Saint-Omer", 
   "parent": 41
  }
 }, 
 {
  "pk": 115, 
  "model": "Crm.city", 
  "fields": {
   "name": "Lille", 
   "parent": 42
  }
 }, 
 {
  "pk": 116, 
  "model": "Crm.city", 
  "fields": {
   "name": "Avesnes-sur-Helpe", 
   "parent": 42
  }
 }, 
 {
  "pk": 117, 
  "model": "Crm.city", 
  "fields": {
   "name": "Cambrai", 
   "parent": 42
  }
 }, 
 {
  "pk": 118, 
  "model": "Crm.city", 
  "fields": {
   "name": "Douai", 
   "parent": 42
  }
 }, 
 {
  "pk": 119, 
  "model": "Crm.city", 
  "fields": {
   "name": "Dunkerque", 
   "parent": 42
  }
 }, 
 {
  "pk": 120, 
  "model": "Crm.city", 
  "fields": {
   "name": "Valenciennes", 
   "parent": 42
  }
 }, 
 {
  "pk": 121, 
  "model": "Crm.city", 
  "fields": {
   "name": "Saint-Denis", 
   "parent": 44
  }
 }, 
 {
  "pk": 122, 
  "model": "Crm.city", 
  "fields": {
   "name": "Saint-Beno\u00eet", 
   "parent": 44
  }
 }, 
 {
  "pk": 123, 
  "model": "Crm.city", 
  "fields": {
   "name": "Saint-Joseph", 
   "parent": 44
  }
 }, 
 {
  "pk": 124, 
  "model": "Crm.city", 
  "fields": {
   "name": "Saint-Paul", 
   "parent": 44
  }
 }, 
 {
  "pk": 125, 
  "model": "Crm.city", 
  "fields": {
   "name": "Orl\u00e9ans", 
   "parent": 46
  }
 }, 
 {
  "pk": 126, 
  "model": "Crm.city", 
  "fields": {
   "name": "Montargis", 
   "parent": 46
  }
 }, 
 {
  "pk": 127, 
  "model": "Crm.city", 
  "fields": {
   "name": "Pithiviers", 
   "parent": 46
  }
 }, 
 {
  "pk": 128, 
  "model": "Crm.city", 
  "fields": {
   "name": "Bourges", 
   "parent": 47
  }
 }, 
 {
  "pk": 129, 
  "model": "Crm.city", 
  "fields": {
   "name": "Saint-Amand-Montrond", 
   "parent": 47
  }
 }, 
 {
  "pk": 130, 
  "model": "Crm.city", 
  "fields": {
   "name": "Vierzon", 
   "parent": 47
  }
 }, 
 {
  "pk": 131, 
  "model": "Crm.city", 
  "fields": {
   "name": "Blois", 
   "parent": 48
  }
 }, 
 {
  "pk": 132, 
  "model": "Crm.city", 
  "fields": {
   "name": "Romorantin-Lanthenay", 
   "parent": 48
  }
 }, 
 {
  "pk": 133, 
  "model": "Crm.city", 
  "fields": {
   "name": "Vend\u00f4me", 
   "parent": 48
  }
 }, 
 {
  "pk": 134, 
  "model": "Crm.city", 
  "fields": {
   "name": "Ch\u00e2teauroux", 
   "parent": 49
  }
 }, 
 {
  "pk": 135, 
  "model": "Crm.city", 
  "fields": {
   "name": "Le Blanc", 
   "parent": 49
  }
 }, 
 {
  "pk": 136, 
  "model": "Crm.city", 
  "fields": {
   "name": "La Ch\u00e2tre", 
   "parent": 49
  }
 }, 
 {
  "pk": 137, 
  "model": "Crm.city", 
  "fields": {
   "name": "Issoudun", 
   "parent": 49
  }
 }, 
 {
  "pk": 138, 
  "model": "Crm.city", 
  "fields": {
   "name": "Chartres", 
   "parent": 50
  }
 }, 
 {
  "pk": 139, 
  "model": "Crm.city", 
  "fields": {
   "name": "Ch\u00e2teaudun", 
   "parent": 50
  }
 }, 
 {
  "pk": 140, 
  "model": "Crm.city", 
  "fields": {
   "name": "Dreux", 
   "parent": 50
  }
 }, 
 {
  "pk": 141, 
  "model": "Crm.city", 
  "fields": {
   "name": "Tours", 
   "parent": 51
  }
 }, 
 {
  "pk": 142, 
  "model": "Crm.city", 
  "fields": {
   "name": "Chinon", 
   "parent": 51
  }
 }, 
 {
  "pk": 143, 
  "model": "Crm.city", 
  "fields": {
   "name": "Loches", 
   "parent": 51
  }
 }, 
 {
  "pk": 144, 
  "model": "Crm.city", 
  "fields": {
   "name": "Rennes", 
   "parent": 53
  }
 }, 
 {
  "pk": 145, 
  "model": "Crm.city", 
  "fields": {
   "name": "Foug\u00e8res", 
   "parent": 53
  }
 }, 
 {
  "pk": 146, 
  "model": "Crm.city", 
  "fields": {
   "name": "Redon", 
   "parent": 53
  }
 }, 
 {
  "pk": 147, 
  "model": "Crm.city", 
  "fields": {
   "name": "Saint-Malo", 
   "parent": 53
  }
 }, 
 {
  "pk": 148, 
  "model": "Crm.city", 
  "fields": {
   "name": "Vannes", 
   "parent": 54
  }
 }, 
 {
  "pk": 149, 
  "model": "Crm.city", 
  "fields": {
   "name": "Lorient", 
   "parent": 54
  }
 }, 
 {
  "pk": 150, 
  "model": "Crm.city", 
  "fields": {
   "name": "Pontivy", 
   "parent": 54
  }
 }, 
 {
  "pk": 151, 
  "model": "Crm.city", 
  "fields": {
   "name": "Saint-Brieuc", 
   "parent": 55
  }
 }, 
 {
  "pk": 152, 
  "model": "Crm.city", 
  "fields": {
   "name": "Dinan", 
   "parent": 55
  }
 }, 
 {
  "pk": 153, 
  "model": "Crm.city", 
  "fields": {
   "name": "Guingamp", 
   "parent": 55
  }
 }, 
 {
  "pk": 154, 
  "model": "Crm.city", 
  "fields": {
   "name": "Lannion", 
   "parent": 55
  }
 }, 
 {
  "pk": 155, 
  "model": "Crm.city", 
  "fields": {
   "name": "Quimper", 
   "parent": 56
  }
 }, 
 {
  "pk": 156, 
  "model": "Crm.city", 
  "fields": {
   "name": "Brest", 
   "parent": 56
  }
 }, 
 {
  "pk": 157, 
  "model": "Crm.city", 
  "fields": {
   "name": "Ch\u00e2teaulin", 
   "parent": 56
  }
 }, 
 {
  "pk": 158, 
  "model": "Crm.city", 
  "fields": {
   "name": "Morlaix", 
   "parent": 56
  }
 }, 
 {
  "pk": 159, 
  "model": "Crm.city", 
  "fields": {
   "name": "Dijon", 
   "parent": 58
  }
 }, 
 {
  "pk": 160, 
  "model": "Crm.city", 
  "fields": {
   "name": "Beaune", 
   "parent": 58
  }
 }, 
 {
  "pk": 161, 
  "model": "Crm.city", 
  "fields": {
   "name": "Montbard", 
   "parent": 58
  }
 }, 
 {
  "pk": 162, 
  "model": "Crm.city", 
  "fields": {
   "name": "Auxerre", 
   "parent": 59
  }
 }, 
 {
  "pk": 163, 
  "model": "Crm.city", 
  "fields": {
   "name": "Avallon", 
   "parent": 59
  }
 }, 
 {
  "pk": 164, 
  "model": "Crm.city", 
  "fields": {
   "name": "Sens", 
   "parent": 59
  }
 }, 
 {
  "pk": 165, 
  "model": "Crm.city", 
  "fields": {
   "name": "Nevers", 
   "parent": 60
  }
 }, 
 {
  "pk": 166, 
  "model": "Crm.city", 
  "fields": {
   "name": "Ch\u00e2teau-Chinon (Ville)", 
   "parent": 60
  }
 }, 
 {
  "pk": 167, 
  "model": "Crm.city", 
  "fields": {
   "name": "Clamecy", 
   "parent": 60
  }
 }, 
 {
  "pk": 168, 
  "model": "Crm.city", 
  "fields": {
   "name": "Cosne-Cours-sur-Loire", 
   "parent": 60
  }
 }, 
 {
  "pk": 169, 
  "model": "Crm.city", 
  "fields": {
   "name": "Macon", 
   "parent": 61
  }
 }, 
 {
  "pk": 170, 
  "model": "Crm.city", 
  "fields": {
   "name": "Autun", 
   "parent": 61
  }
 }, 
 {
  "pk": 171, 
  "model": "Crm.city", 
  "fields": {
   "name": "Chalon-sur-Sa\u00f4ne", 
   "parent": 61
  }
 }, 
 {
  "pk": 172, 
  "model": "Crm.city", 
  "fields": {
   "name": "Charolles", 
   "parent": 61
  }
 }, 
 {
  "pk": 173, 
  "model": "Crm.city", 
  "fields": {
   "name": "Louhans", 
   "parent": 61
  }
 }, 
 {
  "pk": 174, 
  "model": "Crm.city", 
  "fields": {
   "name": "Pau", 
   "parent": 63
  }
 }, 
 {
  "pk": 175, 
  "model": "Crm.city", 
  "fields": {
   "name": "Bayonne", 
   "parent": 63
  }
 }, 
 {
  "pk": 176, 
  "model": "Crm.city", 
  "fields": {
   "name": "Oloron-Sainte-Marie", 
   "parent": 63
  }
 }, 
 {
  "pk": 177, 
  "model": "Crm.city", 
  "fields": {
   "name": "Agen", 
   "parent": 64
  }
 }, 
 {
  "pk": 178, 
  "model": "Crm.city", 
  "fields": {
   "name": "Marmande", 
   "parent": 64
  }
 }, 
 {
  "pk": 179, 
  "model": "Crm.city", 
  "fields": {
   "name": "N\u00e9rac", 
   "parent": 64
  }
 }, 
 {
  "pk": 180, 
  "model": "Crm.city", 
  "fields": {
   "name": "Villeneuve-sur-Lot", 
   "parent": 64
  }
 }, 
 {
  "pk": 181, 
  "model": "Crm.city", 
  "fields": {
   "name": "P\u00e9rigueux", 
   "parent": 65
  }
 }, 
 {
  "pk": 182, 
  "model": "Crm.city", 
  "fields": {
   "name": "Bergerac", 
   "parent": 65
  }
 }, 
 {
  "pk": 183, 
  "model": "Crm.city", 
  "fields": {
   "name": "Nontron", 
   "parent": 65
  }
 }, 
 {
  "pk": 184, 
  "model": "Crm.city", 
  "fields": {
   "name": "Sarlat-la-Can\u00e9da", 
   "parent": 65
  }
 }, 
 {
  "pk": 185, 
  "model": "Crm.city", 
  "fields": {
   "name": "Mont-de-Marsan", 
   "parent": 66
  }
 }, 
 {
  "pk": 186, 
  "model": "Crm.city", 
  "fields": {
   "name": "Dax", 
   "parent": 66
  }
 }, 
 {
  "pk": 187, 
  "model": "Crm.city", 
  "fields": {
   "name": "Bordeaux", 
   "parent": 67
  }
 }, 
 {
  "pk": 188, 
  "model": "Crm.city", 
  "fields": {
   "name": "Blaye", 
   "parent": 67
  }
 }, 
 {
  "pk": 189, 
  "model": "Crm.city", 
  "fields": {
   "name": "Langon", 
   "parent": 67
  }
 }, 
 {
  "pk": 190, 
  "model": "Crm.city", 
  "fields": {
   "name": "Lesparre-M\u00e9doc", 
   "parent": 67
  }
 }, 
 {
  "pk": 191, 
  "model": "Crm.city", 
  "fields": {
   "name": "Libourne", 
   "parent": 67
  }
 }, 
 {
  "pk": 192, 
  "model": "Crm.city", 
  "fields": {
   "name": "Le Puy-en-Velay", 
   "parent": 69
  }
 }, 
 {
  "pk": 193, 
  "model": "Crm.city", 
  "fields": {
   "name": "Brioude", 
   "parent": 69
  }
 }, 
 {
  "pk": 194, 
  "model": "Crm.city", 
  "fields": {
   "name": "Yssingeaux", 
   "parent": 69
  }
 }, 
 {
  "pk": 195, 
  "model": "Crm.city", 
  "fields": {
   "name": "Aurillac", 
   "parent": 70
  }
 }, 
 {
  "pk": 196, 
  "model": "Crm.city", 
  "fields": {
   "name": "Mauriac", 
   "parent": 70
  }
 }, 
 {
  "pk": 197, 
  "model": "Crm.city", 
  "fields": {
   "name": "Saint-Flour", 
   "parent": 70
  }
 }, 
 {
  "pk": 198, 
  "model": "Crm.city", 
  "fields": {
   "name": "Moulins", 
   "parent": 71
  }
 }, 
 {
  "pk": 199, 
  "model": "Crm.city", 
  "fields": {
   "name": "Montlu\u00e7on", 
   "parent": 71
  }
 }, 
 {
  "pk": 200, 
  "model": "Crm.city", 
  "fields": {
   "name": "Vichy", 
   "parent": 71
  }
 }, 
 {
  "pk": 201, 
  "model": "Crm.city", 
  "fields": {
   "name": "Clermont-Ferrand", 
   "parent": 72
  }
 }, 
 {
  "pk": 202, 
  "model": "Crm.city", 
  "fields": {
   "name": "Ambert", 
   "parent": 72
  }
 }, 
 {
  "pk": 203, 
  "model": "Crm.city", 
  "fields": {
   "name": "Issoire", 
   "parent": 72
  }
 }, 
 {
  "pk": 204, 
  "model": "Crm.city", 
  "fields": {
   "name": "Riom", 
   "parent": 72
  }
 }, 
 {
  "pk": 205, 
  "model": "Crm.city", 
  "fields": {
   "name": "Thiers", 
   "parent": 72
  }
 }, 
 {
  "pk": 206, 
  "model": "Crm.city", 
  "fields": {
   "name": "Strasbourg", 
   "parent": 74
  }
 }, 
 {
  "pk": 207, 
  "model": "Crm.city", 
  "fields": {
   "name": "Haguenau", 
   "parent": 74
  }
 }, 
 {
  "pk": 208, 
  "model": "Crm.city", 
  "fields": {
   "name": "Molsheim", 
   "parent": 74
  }
 }, 
 {
  "pk": 209, 
  "model": "Crm.city", 
  "fields": {
   "name": "Saverne", 
   "parent": 74
  }
 }, 
 {
  "pk": 210, 
  "model": "Crm.city", 
  "fields": {
   "name": "S\u00e9lestat", 
   "parent": 74
  }
 }, 
 {
  "pk": 211, 
  "model": "Crm.city", 
  "fields": {
   "name": "Wissembourg", 
   "parent": 74
  }
 }, 
 {
  "pk": 212, 
  "model": "Crm.city", 
  "fields": {
   "name": "Colmar", 
   "parent": 75
  }
 }, 
 {
  "pk": 213, 
  "model": "Crm.city", 
  "fields": {
   "name": "Altkirch", 
   "parent": 75
  }
 }, 
 {
  "pk": 214, 
  "model": "Crm.city", 
  "fields": {
   "name": "Guebwiller", 
   "parent": 75
  }
 }, 
 {
  "pk": 215, 
  "model": "Crm.city", 
  "fields": {
   "name": "Mulhouse", 
   "parent": 75
  }
 }, 
 {
  "pk": 216, 
  "model": "Crm.city", 
  "fields": {
   "name": "Ribeauvill\u00e9", 
   "parent": 75
  }
 }, 
 {
  "pk": 217, 
  "model": "Crm.city", 
  "fields": {
   "name": "Thann", 
   "parent": 75
  }
 }, 
 {
  "pk": 218, 
  "model": "Crm.city", 
  "fields": {
   "name": "Fort-de-France", 
   "parent": 77
  }
 }, 
 {
  "pk": 219, 
  "model": "Crm.city", 
  "fields": {
   "name": "La Trinit\u00e9", 
   "parent": 77
  }
 }, 
 {
  "pk": 220, 
  "model": "Crm.city", 
  "fields": {
   "name": "Le Marin", 
   "parent": 77
  }
 }, 
 {
  "pk": 221, 
  "model": "Crm.city", 
  "fields": {
   "name": "Ajaccio", 
   "parent": 79
  }
 }, 
 {
  "pk": 222, 
  "model": "Crm.city", 
  "fields": {
   "name": "Sart\u00e8ne", 
   "parent": 79
  }
 }, 
 {
  "pk": 223, 
  "model": "Crm.city", 
  "fields": {
   "name": "Bastia", 
   "parent": 80
  }
 }, 
 {
  "pk": 224, 
  "model": "Crm.city", 
  "fields": {
   "name": "Calvi", 
   "parent": 80
  }
 }, 
 {
  "pk": 225, 
  "model": "Crm.city", 
  "fields": {
   "name": "Corte", 
   "parent": 80
  }
 }, 
 {
  "pk": 226, 
  "model": "Crm.city", 
  "fields": {
   "name": "Albi", 
   "parent": 82
  }
 }, 
 {
  "pk": 227, 
  "model": "Crm.city", 
  "fields": {
   "name": "Castres", 
   "parent": 82
  }
 }, 
 {
  "pk": 228, 
  "model": "Crm.city", 
  "fields": {
   "name": "Montauban", 
   "parent": 83
  }
 }, 
 {
  "pk": 229, 
  "model": "Crm.city", 
  "fields": {
   "name": "Castelsarrasin", 
   "parent": 83
  }
 }, 
 {
  "pk": 230, 
  "model": "Crm.city", 
  "fields": {
   "name": "Tarbes", 
   "parent": 84
  }
 }, 
 {
  "pk": 231, 
  "model": "Crm.city", 
  "fields": {
   "name": "Argel\u00e8s-Gazost", 
   "parent": 84
  }
 }, 
 {
  "pk": 232, 
  "model": "Crm.city", 
  "fields": {
   "name": "Bagn\u00e8res-de-Bigorre", 
   "parent": 84
  }
 }, 
 {
  "pk": 233, 
  "model": "Crm.city", 
  "fields": {
   "name": "Toulouse", 
   "parent": 85
  }
 }, 
 {
  "pk": 234, 
  "model": "Crm.city", 
  "fields": {
   "name": "Muret", 
   "parent": 85
  }
 }, 
 {
  "pk": 235, 
  "model": "Crm.city", 
  "fields": {
   "name": "Saint-Gaudens", 
   "parent": 85
  }
 }, 
 {
  "pk": 236, 
  "model": "Crm.city", 
  "fields": {
   "name": "Auch", 
   "parent": 86
  }
 }, 
 {
  "pk": 237, 
  "model": "Crm.city", 
  "fields": {
   "name": "Condom", 
   "parent": 86
  }
 }, 
 {
  "pk": 238, 
  "model": "Crm.city", 
  "fields": {
   "name": "Mirande", 
   "parent": 86
  }
 }, 
 {
  "pk": 239, 
  "model": "Crm.city", 
  "fields": {
   "name": "Cahors", 
   "parent": 87
  }
 }, 
 {
  "pk": 240, 
  "model": "Crm.city", 
  "fields": {
   "name": "Figeac", 
   "parent": 87
  }
 }, 
 {
  "pk": 241, 
  "model": "Crm.city", 
  "fields": {
   "name": "Gourdon", 
   "parent": 87
  }
 }, 
 {
  "pk": 242, 
  "model": "Crm.city", 
  "fields": {
   "name": "Rodez", 
   "parent": 88
  }
 }, 
 {
  "pk": 243, 
  "model": "Crm.city", 
  "fields": {
   "name": "Millau", 
   "parent": 88
  }
 }, 
 {
  "pk": 244, 
  "model": "Crm.city", 
  "fields": {
   "name": "Villefranche-de-Rouergue", 
   "parent": 88
  }
 }, 
 {
  "pk": 245, 
  "model": "Crm.city", 
  "fields": {
   "name": "Foix", 
   "parent": 89
  }
 }, 
 {
  "pk": 246, 
  "model": "Crm.city", 
  "fields": {
   "name": "Pamiers", 
   "parent": 89
  }
 }, 
 {
  "pk": 247, 
  "model": "Crm.city", 
  "fields": {
   "name": "Saint-Girons", 
   "parent": 89
  }
 }, 
 {
  "pk": 248, 
  "model": "Crm.city", 
  "fields": {
   "name": "Mamoudzou", 
   "parent": 91
  }
 }, 
 {
  "pk": 249, 
  "model": "Crm.city", 
  "fields": {
   "name": "Vesoul", 
   "parent": 93
  }
 }, 
 {
  "pk": 250, 
  "model": "Crm.city", 
  "fields": {
   "name": "Lure", 
   "parent": 93
  }
 }, 
 {
  "pk": 251, 
  "model": "Crm.city", 
  "fields": {
   "name": "Lons-le-Saunier", 
   "parent": 94
  }
 }, 
 {
  "pk": 252, 
  "model": "Crm.city", 
  "fields": {
   "name": "Dole", 
   "parent": 94
  }
 }, 
 {
  "pk": 253, 
  "model": "Crm.city", 
  "fields": {
   "name": "Saint-Claude", 
   "parent": 94
  }
 }, 
 {
  "pk": 254, 
  "model": "Crm.city", 
  "fields": {
   "name": "Besan\u00e7on", 
   "parent": 95
  }
 }, 
 {
  "pk": 255, 
  "model": "Crm.city", 
  "fields": {
   "name": "Montb\u00e9liard", 
   "parent": 95
  }
 }, 
 {
  "pk": 256, 
  "model": "Crm.city", 
  "fields": {
   "name": "Pontarlier", 
   "parent": 95
  }
 }, 
 {
  "pk": 257, 
  "model": "Crm.city", 
  "fields": {
   "name": "Belfort", 
   "parent": 96
  }
 }, 
 {
  "pk": 258, 
  "model": "Crm.city", 
  "fields": {
   "name": "Cayenne", 
   "parent": 98
  }
 }, 
 {
  "pk": 259, 
  "model": "Crm.city", 
  "fields": {
   "name": "Saint-Laurent-du-Maroni", 
   "parent": 98
  }
 }, 
 {
  "pk": 260, 
  "model": "Crm.city", 
  "fields": {
   "name": "Angers", 
   "parent": 100
  }
 }, 
 {
  "pk": 261, 
  "model": "Crm.city", 
  "fields": {
   "name": "Cholet", 
   "parent": 100
  }
 }, 
 {
  "pk": 262, 
  "model": "Crm.city", 
  "fields": {
   "name": "Saumur", 
   "parent": 100
  }
 }, 
 {
  "pk": 263, 
  "model": "Crm.city", 
  "fields": {
   "name": "Segr\u00e9", 
   "parent": 100
  }
 }, 
 {
  "pk": 264, 
  "model": "Crm.city", 
  "fields": {
   "name": "Le Mans", 
   "parent": 101
  }
 }, 
 {
  "pk": 265, 
  "model": "Crm.city", 
  "fields": {
   "name": "La Fl\u00e8che", 
   "parent": 101
  }
 }, 
 {
  "pk": 266, 
  "model": "Crm.city", 
  "fields": {
   "name": "Mamers", 
   "parent": 101
  }
 }, 
 {
  "pk": 267, 
  "model": "Crm.city", 
  "fields": {
   "name": "Laval", 
   "parent": 102
  }
 }, 
 {
  "pk": 268, 
  "model": "Crm.city", 
  "fields": {
   "name": "Ch\u00e2teau-Gontier", 
   "parent": 102
  }
 }, 
 {
  "pk": 269, 
  "model": "Crm.city", 
  "fields": {
   "name": "Mayenne", 
   "parent": 102
  }
 }, 
 {
  "pk": 270, 
  "model": "Crm.city", 
  "fields": {
   "name": "Nantes", 
   "parent": 103
  }
 }, 
 {
  "pk": 271, 
  "model": "Crm.city", 
  "fields": {
   "name": "Ancenis", 
   "parent": 103
  }
 }, 
 {
  "pk": 272, 
  "model": "Crm.city", 
  "fields": {
   "name": "Ch\u00e2teaubriant", 
   "parent": 103
  }
 }, 
 {
  "pk": 273, 
  "model": "Crm.city", 
  "fields": {
   "name": "Saint-Nazaire", 
   "parent": 103
  }
 }, 
 {
  "pk": 274, 
  "model": "Crm.city", 
  "fields": {
   "name": "La Roche-sur-Yon", 
   "parent": 104
  }
 }, 
 {
  "pk": 275, 
  "model": "Crm.city", 
  "fields": {
   "name": "Fontenay-le-Comte", 
   "parent": 104
  }
 }, 
 {
  "pk": 276, 
  "model": "Crm.city", 
  "fields": {
   "name": "Les Sables-d'Olonne", 
   "parent": 104
  }
 }, 
 {
  "pk": 277, 
  "model": "Crm.city", 
  "fields": {
   "name": "Limoges", 
   "parent": 106
  }
 }, 
 {
  "pk": 278, 
  "model": "Crm.city", 
  "fields": {
   "name": "Bellac", 
   "parent": 106
  }
 }, 
 {
  "pk": 279, 
  "model": "Crm.city", 
  "fields": {
   "name": "Rochechouart", 
   "parent": 106
  }
 }, 
 {
  "pk": 280, 
  "model": "Crm.city", 
  "fields": {
   "name": "Tulle", 
   "parent": 107
  }
 }, 
 {
  "pk": 281, 
  "model": "Crm.city", 
  "fields": {
   "name": "Brive-la-Gaillarde", 
   "parent": 107
  }
 }, 
 {
  "pk": 282, 
  "model": "Crm.city", 
  "fields": {
   "name": "Ussel", 
   "parent": 107
  }
 }, 
 {
  "pk": 283, 
  "model": "Crm.city", 
  "fields": {
   "name": "Gu\u00e9ret", 
   "parent": 108
  }
 }, 
 {
  "pk": 284, 
  "model": "Crm.city", 
  "fields": {
   "name": "Aubusson", 
   "parent": 108
  }
 }, 
 {
  "pk": 285, 
  "model": "Crm.city", 
  "fields": {
   "name": "Basse-Terre", 
   "parent": 110
  }
 }, 
 {
  "pk": 286, 
  "model": "Crm.city", 
  "fields": {
   "name": "Pointe-\u00e0-Pitre", 
   "parent": 110
  }
 }, 
 {
  "pk": 287, 
  "model": "Crm.city", 
  "fields": {
   "name": "Rouen", 
   "parent": 112
  }
 }, 
 {
  "pk": 288, 
  "model": "Crm.city", 
  "fields": {
   "name": "Dieppe", 
   "parent": 112
  }
 }, 
 {
  "pk": 289, 
  "model": "Crm.city", 
  "fields": {
   "name": "Le Havre", 
   "parent": 112
  }
 }, 
 {
  "pk": 290, 
  "model": "Crm.city", 
  "fields": {
   "name": "Evreux", 
   "parent": 113
  }
 }, 
 {
  "pk": 291, 
  "model": "Crm.city", 
  "fields": {
   "name": "Les Andelys", 
   "parent": 113
  }
 }, 
 {
  "pk": 292, 
  "model": "Crm.city", 
  "fields": {
   "name": "Bernay", 
   "parent": 113
  }
 }, 
 {
  "pk": 293, 
  "model": "Crm.city", 
  "fields": {
   "name": "Amiens", 
   "parent": 115
  }
 }, 
 {
  "pk": 294, 
  "model": "Crm.city", 
  "fields": {
   "name": "Abbeville", 
   "parent": 115
  }
 }, 
 {
  "pk": 295, 
  "model": "Crm.city", 
  "fields": {
   "name": "Montdidier", 
   "parent": 115
  }
 }, 
 {
  "pk": 296, 
  "model": "Crm.city", 
  "fields": {
   "name": "P\u00e9ronne", 
   "parent": 115
  }
 }, 
 {
  "pk": 297, 
  "model": "Crm.city", 
  "fields": {
   "name": "Laon", 
   "parent": 116
  }
 }, 
 {
  "pk": 298, 
  "model": "Crm.city", 
  "fields": {
   "name": "Ch\u00e2teau-Thierry", 
   "parent": 116
  }
 }, 
 {
  "pk": 299, 
  "model": "Crm.city", 
  "fields": {
   "name": "Saint-Quentin", 
   "parent": 116
  }
 }, 
 {
  "pk": 300, 
  "model": "Crm.city", 
  "fields": {
   "name": "Soissons", 
   "parent": 116
  }
 }, 
 {
  "pk": 301, 
  "model": "Crm.city", 
  "fields": {
   "name": "Vervins", 
   "parent": 116
  }
 }, 
 {
  "pk": 302, 
  "model": "Crm.city", 
  "fields": {
   "name": "Beauvais", 
   "parent": 117
  }
 }, 
 {
  "pk": 303, 
  "model": "Crm.city", 
  "fields": {
   "name": "Clermont", 
   "parent": 117
  }
 }, 
 {
  "pk": 304, 
  "model": "Crm.city", 
  "fields": {
   "name": "Compi\u00e8gne", 
   "parent": 117
  }
 }, 
 {
  "pk": 305, 
  "model": "Crm.city", 
  "fields": {
   "name": "Senlis", 
   "parent": 117
  }
 }, 
 {
  "pk": 306, 
  "model": "Crm.city", 
  "fields": {
   "name": "Charleville-M\u00e9zi\u00e8res", 
   "parent": 119
  }
 }, 
 {
  "pk": 307, 
  "model": "Crm.city", 
  "fields": {
   "name": "Rethel", 
   "parent": 119
  }
 }, 
 {
  "pk": 308, 
  "model": "Crm.city", 
  "fields": {
   "name": "Sedan", 
   "parent": 119
  }
 }, 
 {
  "pk": 309, 
  "model": "Crm.city", 
  "fields": {
   "name": "Vouziers", 
   "parent": 119
  }
 }, 
 {
  "pk": 310, 
  "model": "Crm.city", 
  "fields": {
   "name": "Troyes", 
   "parent": 120
  }
 }, 
 {
  "pk": 311, 
  "model": "Crm.city", 
  "fields": {
   "name": "Bar-sur-Aube", 
   "parent": 120
  }
 }, 
 {
  "pk": 312, 
  "model": "Crm.city", 
  "fields": {
   "name": "Nogent-sur-Seine", 
   "parent": 120
  }
 }, 
 {
  "pk": 313, 
  "model": "Crm.city", 
  "fields": {
   "name": "Ch\u00e2lons-en-Champagne", 
   "parent": 121
  }
 }, 
 {
  "pk": 314, 
  "model": "Crm.city", 
  "fields": {
   "name": "Epernay", 
   "parent": 121
  }
 }, 
 {
  "pk": 315, 
  "model": "Crm.city", 
  "fields": {
   "name": "Reims", 
   "parent": 121
  }
 }, 
 {
  "pk": 316, 
  "model": "Crm.city", 
  "fields": {
   "name": "Sainte-Menehould", 
   "parent": 121
  }
 }, 
 {
  "pk": 317, 
  "model": "Crm.city", 
  "fields": {
   "name": "Vitry-le-Fran\u00e7ois", 
   "parent": 121
  }
 }, 
 {
  "pk": 318, 
  "model": "Crm.city", 
  "fields": {
   "name": "Chaumont", 
   "parent": 122
  }
 }, 
 {
  "pk": 319, 
  "model": "Crm.city", 
  "fields": {
   "name": "Langres", 
   "parent": 122
  }
 }, 
 {
  "pk": 320, 
  "model": "Crm.city", 
  "fields": {
   "name": "Saint-Dizier", 
   "parent": 122
  }
 }, 
 {
  "pk": 321, 
  "model": "Crm.city", 
  "fields": {
   "name": "Gap", 
   "parent": 124
  }
 }, 
 {
  "pk": 322, 
  "model": "Crm.city", 
  "fields": {
   "name": "Brian\u00e7on", 
   "parent": 124
  }
 }, 
 {
  "pk": 323, 
  "model": "Crm.city", 
  "fields": {
   "name": "Nice", 
   "parent": 125
  }
 }, 
 {
  "pk": 324, 
  "model": "Crm.city", 
  "fields": {
   "name": "Grasse", 
   "parent": 125
  }
 }, 
 {
  "pk": 325, 
  "model": "Crm.city", 
  "fields": {
   "name": "Avignon", 
   "parent": 126
  }
 }, 
 {
  "pk": 326, 
  "model": "Crm.city", 
  "fields": {
   "name": "Apt", 
   "parent": 126
  }
 }, 
 {
  "pk": 327, 
  "model": "Crm.city", 
  "fields": {
   "name": "Carpentras", 
   "parent": 126
  }
 }, 
 {
  "pk": 328, 
  "model": "Crm.city", 
  "fields": {
   "name": "Marseille", 
   "parent": 127
  }
 }, 
 {
  "pk": 329, 
  "model": "Crm.city", 
  "fields": {
   "name": "Aix-en-Provence", 
   "parent": 127
  }
 }, 
 {
  "pk": 330, 
  "model": "Crm.city", 
  "fields": {
   "name": "Arles", 
   "parent": 127
  }
 }, 
 {
  "pk": 331, 
  "model": "Crm.city", 
  "fields": {
   "name": "Istres", 
   "parent": 127
  }
 }, 
 {
  "pk": 332, 
  "model": "Crm.city", 
  "fields": {
   "name": "Digne-les-Bains", 
   "parent": 128
  }
 }, 
 {
  "pk": 333, 
  "model": "Crm.city", 
  "fields": {
   "name": "Barcelonnette", 
   "parent": 128
  }
 }, 
 {
  "pk": 334, 
  "model": "Crm.city", 
  "fields": {
   "name": "Castellane", 
   "parent": 128
  }
 }, 
 {
  "pk": 335, 
  "model": "Crm.city", 
  "fields": {
   "name": "Forcalquier", 
   "parent": 128
  }
 }, 
 {
  "pk": 336, 
  "model": "Crm.city", 
  "fields": {
   "name": "Toulon", 
   "parent": 129
  }
 }, 
 {
  "pk": 337, 
  "model": "Crm.city", 
  "fields": {
   "name": "Brignoles", 
   "parent": 129
  }
 }, 
 {
  "pk": 338, 
  "model": "Crm.city", 
  "fields": {
   "name": "Draguignan", 
   "parent": 129
  }
 }
]